episode,opponent,agent_color,outcome,rolling_winrate
1,rl_model_20260225_120931.pth,black,draw,0.5000
2,minimax_d1,white,black,0.2500
3,rl_model.pth,black,draw,0.3333
4,rl_model.pth,white,black,0.2500
5,rl_model_20260225_120931.pth,black,draw,0.3000
6,rl_model_20260225_120931.pth,white,black,0.2500
7,minimax_d1,black,white,0.2143
8,minimax_d2,white,black,0.1875
9,minimax_d1,black,draw,0.2222
10,rl_model.pth,white,black,0.2000
11,minimax_d2,black,black,0.2727
12,minimax_d1,white,black,0.2500
13,rl_model.pth,black,draw,0.2692
14,rl_model_20260225_120931.pth,white,black,0.2500
15,minimax_d1,black,white,0.2333
16,rl_model.pth,white,black,0.2188
17,rl_model_20260225_120931.pth,black,black,0.2647
18,minimax_d1,white,black,0.2500
19,rl_model.pth,black,draw,0.2632
20,rl_model_20260225_120931.pth,white,black,0.2500
21,rl_model.pth,black,black,0.2857
22,rl_model.pth,white,black,0.2727
23,minimax_d2,black,black,0.3043
24,rl_model_20260225_120931.pth,white,black,0.2917
25,rl_model_20260225_120931.pth,black,black,0.3200
26,minimax_d2,white,black,0.3077
27,minimax_d1,black,white,0.2963
28,minimax_d2,white,black,0.2857
29,rl_model_20260225_120931.pth,black,black,0.3103
30,minimax_d1,white,black,0.3000
31,minimax_d1,black,black,0.3226
32,rl_model.pth,white,black,0.3125
33,rl_model.pth,black,black,0.3333
34,minimax_d1,white,black,0.3235
35,minimax_d1,black,white,0.3143
36,minimax_d1,white,black,0.3056
37,minimax_d2,black,white,0.2973
38,rl_model.pth,white,black,0.2895
39,rl_model_20260225_120931.pth,black,black,0.3077
40,minimax_d2,white,black,0.3000
41,minimax_d2,black,white,0.2927
42,minimax_d1,white,black,0.2857
43,rl_model.pth,black,black,0.3023
44,minimax_d1,white,black,0.2955
45,minimax_d2,black,black,0.3111
46,rl_model.pth,white,black,0.3043
47,minimax_d1,black,draw,0.3085
48,rl_model_20260225_120931.pth,white,black,0.3021
49,rl_model.pth,black,black,0.3163
50,rl_model_20260225_120931.pth,white,black,0.3100
51,rl_model.pth,black,black,0.3235
52,minimax_d2,white,black,0.3173
53,minimax_d1,black,draw,0.3208
54,rl_model_20260225_120931.pth,white,black,0.3148
55,rl_model.pth,black,black,0.3273
56,rl_model.pth,white,black,0.3214
57,minimax_d2,black,white,0.3158
58,rl_model_20260225_120931.pth,white,black,0.3103
59,minimax_d1,black,black,0.3220
60,rl_model_20260225_120931.pth,white,black,0.3167
61,minimax_d1,black,white,0.3115
62,rl_model.pth,white,black,0.3065
63,rl_model_20260225_120931.pth,black,black,0.3175
64,rl_model.pth,white,black,0.3125
65,minimax_d1,black,black,0.3231
66,rl_model.pth,white,black,0.3182
67,rl_model_20260225_120931.pth,black,black,0.3284
68,minimax_d1,white,black,0.3235
69,rl_model.pth,black,draw,0.3261
70,minimax_d2,white,black,0.3214
71,rl_model.pth,black,black,0.3310
72,minimax_d1,white,black,0.3264
73,rl_model_20260225_120931.pth,black,black,0.3356
74,minimax_d1,white,black,0.3311
75,minimax_d1,black,black,0.3400
76,minimax_d2,white,black,0.3355
77,minimax_d1,black,black,0.3442
78,rl_model_20260225_120931.pth,white,black,0.3397
79,rl_model_20260225_120931.pth,black,black,0.3481
80,rl_model_20260225_120931.pth,white,black,0.3438
81,minimax_d1,black,draw,0.3457
82,minimax_d1,white,black,0.3415
83,rl_model.pth,black,black,0.3494
84,minimax_d2,white,black,0.3452
85,rl_model.pth,black,black,0.3529
86,rl_model_20260225_120931.pth,white,black,0.3488
87,rl_model.pth,black,black,0.3563
88,minimax_d1,white,black,0.3523
89,minimax_d1,black,black,0.3596
90,rl_model_20260225_120931.pth,white,black,0.3556
91,rl_model.pth,black,black,0.3626
92,rl_model.pth,white,black,0.3587
93,rl_model_20260225_120931.pth,black,black,0.3656
94,minimax_d2,white,black,0.3617
95,rl_model_20260225_120931.pth,black,black,0.3684
96,minimax_d2,white,black,0.3646
97,minimax_d1,black,draw,0.3660
98,rl_model_20260225_120931.pth,white,black,0.3622
99,rl_model.pth,black,black,0.3687
100,rl_model.pth,white,black,0.3650
101,minimax_d2,black,white,0.3600
102,rl_model.pth,white,black,0.3600
103,minimax_d1,black,black,0.3650
104,minimax_d1,white,black,0.3650
105,minimax_d1,black,black,0.3700
106,minimax_d2,white,black,0.3700
107,minimax_d1,black,black,0.3800
108,minimax_d1,white,black,0.3800
109,rl_model_20260225_120931.pth,black,black,0.3850
110,minimax_d1,white,draw,0.3900
111,minimax_d1,black,black,0.3900
112,minimax_d2,white,black,0.3900
113,rl_model_20260225_120931.pth,black,black,0.3950
114,rl_model.pth,white,black,0.3950
115,rl_model.pth,black,black,0.4050
116,rl_model_20260225_120931.pth,white,black,0.4050
117,rl_model_20260225_120931.pth,black,black,0.4050
118,minimax_d2,white,black,0.4050
119,rl_model.pth,black,black,0.4100
120,rl_model_20260225_120931.pth,white,black,0.4100
121,minimax_d1,black,white,0.4000
122,minimax_d2,white,black,0.4000
123,rl_model.pth,black,black,0.4000
124,minimax_d1,white,black,0.4000
125,minimax_d2,black,white,0.3900
126,minimax_d1,white,black,0.3900
127,rl_model_20260225_120931.pth,black,black,0.4000
128,minimax_d1,white,black,0.4000
129,rl_model_20260225_120931.pth,black,black,0.4000
130,rl_model_20260225_120931.pth,white,black,0.4000
131,minimax_d1,black,draw,0.3950
132,minimax_d1,white,black,0.3950
133,rl_model.pth,black,black,0.3950
134,rl_model.pth,white,black,0.3950
135,minimax_d2,black,white,0.3950
136,minimax_d2,white,black,0.3950
137,rl_model_20260225_120931.pth,black,draw,0.4000
138,rl_model_20260225_120931.pth,white,black,0.4000
139,rl_model.pth,black,black,0.4000
140,minimax_d2,white,black,0.4000
141,minimax_d2,black,black,0.4100
142,minimax_d2,white,black,0.4100
143,rl_model.pth,black,draw,0.4050
144,rl_model_20260225_120931.pth,white,black,0.4050
145,minimax_d1,black,black,0.4050
146,minimax_d2,white,black,0.4050
147,rl_model_20260225_120931.pth,black,black,0.4100
148,minimax_d1,white,black,0.4100
149,rl_model.pth,black,black,0.4100
150,minimax_d1,white,black,0.4100
151,rl_model_20260225_120931.pth,black,black,0.4100
152,minimax_d2,white,black,0.4100
153,rl_model_20260225_120931.pth,black,black,0.4150
154,rl_model.pth,white,black,0.4150
155,minimax_d2,black,white,0.4050
156,minimax_d2,white,black,0.4050
157,minimax_d2,black,white,0.4050
158,rl_model_20260225_120931.pth,white,black,0.4050
159,rl_model_20260225_120931.pth,black,black,0.4050
160,rl_model_20260225_120931.pth,white,black,0.4050
161,minimax_d1,black,black,0.4150
162,minimax_d1,white,black,0.4150
163,rl_model.pth,black,black,0.4150
164,minimax_d2,white,black,0.4150
165,minimax_d1,black,black,0.4150
166,minimax_d2,white,black,0.4150
167,rl_model_20260225_120931.pth,black,black,0.4150
168,rl_model_20260225_120931.pth,white,black,0.4150
169,minimax_d2,black,white,0.4100
170,rl_model_20260225_120931.pth,white,black,0.4100
171,minimax_d2,black,white,0.4000
172,minimax_d1,white,black,0.4000
173,minimax_d2,black,white,0.3900
174,rl_model_20260225_120931.pth,white,black,0.3900
175,minimax_d2,black,white,0.3800
176,rl_model_20260225_120931.pth,white,black,0.3800
177,rl_model.pth,black,draw,0.3750
178,rl_model_20260225_120931.pth,white,black,0.3750
179,minimax_d1,black,black,0.3750
180,minimax_d1,white,draw,0.3800
181,rl_model_20260225_120931.pth,black,black,0.3850
182,rl_model.pth,white,black,0.3850
183,rl_model_20260225_120931.pth,black,black,0.3850
184,minimax_d1,white,black,0.3850
185,minimax_d2,black,white,0.3750
186,rl_model.pth,white,black,0.3750
187,minimax_d2,black,white,0.3650
188,minimax_d1,white,draw,0.3700
189,rl_model.pth,black,black,0.3700
190,minimax_d1,white,black,0.3700
191,minimax_d1,black,black,0.3700
192,minimax_d2,white,black,0.3700
193,minimax_d2,black,white,0.3600
194,rl_model_20260225_120931.pth,white,black,0.3600
195,rl_model.pth,black,black,0.3600
196,rl_model.pth,white,black,0.3600
197,rl_model.pth,black,black,0.3650
198,rl_model.pth,white,black,0.3650
199,minimax_d2,black,white,0.3550
200,minimax_d2,white,black,0.3550
201,rl_model.pth,black,draw,0.3600
202,minimax_d2,white,draw,0.3650
203,minimax_d1,black,black,0.3650
204,rl_model.pth,white,black,0.3650
205,rl_model_20260225_120931.pth,black,black,0.3650
206,minimax_d2,white,black,0.3650
207,rl_model.pth,black,black,0.3650
208,rl_model_20260225_120931.pth,white,black,0.3650
209,minimax_d1,black,black,0.3650
210,rl_model.pth,white,black,0.3600
211,minimax_d2,black,white,0.3500
212,rl_model_20260225_120931.pth,white,black,0.3500
213,minimax_d2,black,white,0.3400
214,rl_model.pth,white,black,0.3400
215,minimax_d2,black,white,0.3300
216,rl_model_20260225_120931.pth,white,black,0.3300
217,rl_model_20260225_120931.pth,black,black,0.3300
218,minimax_d2,white,white,0.3400
219,minimax_d2,black,white,0.3300
220,rl_model_20260225_120931.pth,white,black,0.3300
221,minimax_d1,black,black,0.3400
222,minimax_d2,white,black,0.3400
223,rl_model_20260225_120931.pth,black,black,0.3400
224,rl_model_20260225_120931.pth,white,black,0.3400
225,rl_model.pth,black,black,0.3500
226,rl_model.pth,white,black,0.3500
227,rl_model.pth,black,black,0.3500
228,minimax_d2,white,black,0.3500
229,rl_model_20260225_120931.pth,black,black,0.3500
230,minimax_d2,white,black,0.3500
231,rl_model.pth,black,black,0.3550
232,rl_model_20260225_120931.pth,white,black,0.3550
233,rl_model_20260225_120931.pth,black,black,0.3550
234,minimax_d1,white,draw,0.3600
235,minimax_d2,black,black,0.3700
236,minimax_d2,white,draw,0.3750
237,minimax_d1,black,black,0.3800
238,rl_model.pth,white,black,0.3800
239,rl_model.pth,black,black,0.3800
240,minimax_d1,white,black,0.3800
241,minimax_d1,black,black,0.3800
242,rl_model_20260225_120931.pth,white,black,0.3800
243,rl_model.pth,black,black,0.3850
244,minimax_d1,white,draw,0.3900
245,rl_model_20260225_120931.pth,black,black,0.3900
246,rl_model.pth,white,black,0.3900
247,minimax_d1,black,black,0.3900
248,rl_model.pth,white,black,0.3900
249,rl_model_20260225_120931.pth,black,black,0.3900
250,minimax_d2,white,black,0.3900
251,minimax_d2,black,black,0.3900
252,rl_model_20260225_120931.pth,white,black,0.3900
253,rl_model.pth,black,black,0.3900
254,rl_model.pth,white,black,0.3900
255,rl_model.pth,black,black,0.4000
256,minimax_d1,white,black,0.4000
257,minimax_d2,black,white,0.4000
258,rl_model.pth,white,black,0.4000
259,minimax_d2,black,white,0.3900
260,minimax_d2,white,draw,0.3950
261,rl_model_20260225_120931.pth,black,black,0.3950
262,rl_model.pth,white,black,0.3950
263,minimax_d1,black,black,0.3950
264,rl_model.pth,white,black,0.3950
265,rl_model_20260225_120931.pth,black,black,0.3950
266,rl_model.pth,white,black,0.3950
267,rl_model.pth,black,black,0.3950
268,rl_model_20260225_120931.pth,white,black,0.3950
269,rl_model.pth,black,black,0.4050
270,rl_model.pth,white,black,0.4050
271,rl_model.pth,black,black,0.4150
272,minimax_d2,white,black,0.4150
273,minimax_d2,black,black,0.4250
274,minimax_d2,white,black,0.4250
275,minimax_d1,black,black,0.4350
276,minimax_d2,white,black,0.4350
277,minimax_d2,black,white,0.4300
278,minimax_d1,white,black,0.4300
279,minimax_d2,black,white,0.4200
280,rl_model.pth,white,black,0.4150
281,minimax_d1,black,draw,0.4100
282,minimax_d2,white,black,0.4100
283,rl_model.pth,black,black,0.4100
284,rl_model_20260225_120931.pth,white,black,0.4100
285,rl_model_20260225_120931.pth,black,black,0.4200
286,minimax_d1,white,draw,0.4250
287,rl_model.pth,black,black,0.4350
288,minimax_d1,white,draw,0.4350
289,rl_model_20260225_120931.pth,black,black,0.4350
290,minimax_d2,white,black,0.4350
291,rl_model_20260225_120931.pth,black,black,0.4350
292,rl_model.pth,white,black,0.4350
293,rl_model_20260225_120931.pth,black,black,0.4450
294,rl_model.pth,white,black,0.4450
295,minimax_d1,black,black,0.4450
296,minimax_d2,white,black,0.4450
297,minimax_d2,black,white,0.4350
298,minimax_d1,white,black,0.4350
299,minimax_d2,black,white,0.4350
300,minimax_d1,white,draw,0.4400
301,minimax_d2,black,white,0.4350
302,minimax_d2,white,black,0.4300
303,minimax_d1,black,black,0.4300
304,rl_model.pth,white,black,0.4300
305,rl_model_20260225_120931.pth,black,black,0.4300
306,rl_model_20260225_120931.pth,white,black,0.4300
307,rl_model_20260225_120931.pth,black,black,0.4300
308,minimax_d1,white,black,0.4300
309,rl_model.pth,black,black,0.4300
310,rl_model_20260225_120931.pth,white,black,0.4300
311,minimax_d1,black,black,0.4400
312,rl_model_20260225_120931.pth,white,black,0.4400
313,rl_model.pth,black,draw,0.4450
314,minimax_d1,white,black,0.4450
315,minimax_d1,black,black,0.4550
316,minimax_d2,white,black,0.4550
317,rl_model.pth,black,black,0.4550
318,minimax_d1,white,draw,0.4500
319,rl_model.pth,black,black,0.4600
320,rl_model.pth,white,black,0.4600
321,minimax_d2,black,white,0.4500
322,minimax_d1,white,black,0.4500
323,rl_model.pth,black,black,0.4500
324,rl_model.pth,white,black,0.4500
325,minimax_d1,black,white,0.4400
326,minimax_d2,white,black,0.4400
327,minimax_d1,black,black,0.4400
328,minimax_d2,white,black,0.4400
329,minimax_d1,black,black,0.4400
330,minimax_d2,white,black,0.4400
331,minimax_d1,black,black,0.4400
332,minimax_d1,white,black,0.4400
333,rl_model.pth,black,black,0.4400
334,minimax_d1,white,draw,0.4400
335,minimax_d1,black,black,0.4400
336,rl_model_20260225_120931.pth,white,black,0.4350
337,rl_model.pth,black,black,0.4350
338,minimax_d1,white,draw,0.4400
339,minimax_d1,black,black,0.4400
340,minimax_d1,white,black,0.4400
341,minimax_d2,black,white,0.4300
342,rl_model.pth,white,black,0.4300
343,minimax_d2,black,white,0.4200
344,rl_model.pth,white,black,0.4150
345,rl_model.pth,black,black,0.4150
346,rl_model.pth,white,black,0.4150
347,rl_model.pth,black,black,0.4150
348,rl_model.pth,white,black,0.4150
349,rl_model.pth,black,black,0.4150
350,rl_model.pth,white,black,0.4150
351,rl_model_20260225_120931.pth,black,black,0.4150
352,minimax_d1,white,draw,0.4200
353,minimax_d1,black,black,0.4200
354,minimax_d2,white,black,0.4200
355,rl_model_20260225_120931.pth,black,black,0.4200
356,minimax_d1,white,draw,0.4250
357,minimax_d2,black,white,0.4250
358,rl_model_20260225_120931.pth,white,black,0.4250
359,rl_model_20260225_120931.pth,black,black,0.4350
360,rl_model_20260225_120931.pth,white,black,0.4300
361,minimax_d2,black,white,0.4200
362,rl_model.pth,white,black,0.4200
363,minimax_d2,black,white,0.4100
364,rl_model.pth,white,black,0.4100
365,minimax_d2,black,white,0.4000
366,minimax_d1,white,draw,0.4050
367,rl_model_20260225_120931.pth,black,black,0.4050
368,minimax_d1,white,black,0.4050
369,rl_model.pth,black,draw,0.4000
370,rl_model.pth,white,black,0.4000
371,minimax_d2,black,white,0.3900
372,minimax_d2,white,black,0.3900
373,minimax_d2,black,white,0.3800
374,rl_model.pth,white,black,0.3800
375,minimax_d2,black,white,0.3700
376,rl_model_20260225_120931.pth,white,black,0.3700
377,rl_model.pth,black,black,0.3800
378,minimax_d2,white,black,0.3800
379,minimax_d2,black,white,0.3800
380,minimax_d2,white,black,0.3800
381,minimax_d1,black,black,0.3850
382,rl_model_20260225_120931.pth,white,black,0.3850
383,rl_model.pth,black,black,0.3850
384,minimax_d1,white,black,0.3850
385,minimax_d2,black,white,0.3750
386,rl_model.pth,white,black,0.3700
387,minimax_d1,black,white,0.3600
388,rl_model_20260225_120931.pth,white,black,0.3550
389,minimax_d1,black,black,0.3550
390,rl_model_20260225_120931.pth,white,black,0.3550
391,minimax_d2,black,white,0.3450
392,rl_model_20260225_120931.pth,white,black,0.3450
393,rl_model_20260225_120931.pth,black,black,0.3450
394,minimax_d1,white,black,0.3450
395,rl_model.pth,black,black,0.3450
396,rl_model_20260225_120931.pth,white,black,0.3450
397,minimax_d2,black,white,0.3450
398,rl_model_20260225_120931.pth,white,black,0.3450
399,minimax_d2,black,white,0.3450
400,minimax_d2,white,black,0.3400
401,rl_model.pth,black,black,0.3500
402,rl_model_20260225_120931.pth,white,black,0.3500
403,rl_model.pth,black,black,0.3500
404,minimax_d1,white,draw,0.3550
405,rl_model_20260225_120931.pth,black,black,0.3550
406,rl_model.pth,white,black,0.3550
407,minimax_d2,black,white,0.3450
408,minimax_d1,white,black,0.3450
409,minimax_d1,black,black,0.3450
410,rl_model_20260225_120931.pth,white,black,0.3450
411,rl_model.pth,black,black,0.3450
412,rl_model.pth,white,black,0.3450
413,minimax_d2,black,white,0.3400
414,minimax_d2,white,black,0.3400
415,rl_model.pth,black,black,0.3400
416,minimax_d2,white,black,0.3400
417,minimax_d1,black,white,0.3300
418,rl_model_20260225_120931.pth,white,black,0.3250
419,rl_model.pth,black,black,0.3250
420,minimax_d2,white,black,0.3250
421,minimax_d1,black,black,0.3350
422,minimax_d2,white,black,0.3350
423,minimax_d2,black,white,0.3250
424,minimax_d2,white,black,0.3250
425,minimax_d1,black,black,0.3350
426,rl_model_20260225_120931.pth,white,black,0.3350
427,rl_model.pth,black,black,0.3350
428,minimax_d1,white,draw,0.3400
429,rl_model.pth,black,black,0.3400
430,minimax_d1,white,black,0.3400
431,minimax_d2,black,draw,0.3350
432,rl_model_20260225_120931.pth,white,black,0.3350
433,minimax_d2,black,black,0.3350
434,minimax_d1,white,black,0.3300
435,rl_model.pth,black,draw,0.3250
436,rl_model.pth,white,black,0.3250
437,minimax_d1,black,white,0.3150
438,minimax_d1,white,draw,0.3150
439,rl_model.pth,black,black,0.3150
440,minimax_d1,white,draw,0.3200
441,rl_model.pth,black,black,0.3300
442,minimax_d1,white,draw,0.3350
443,rl_model.pth,black,black,0.3450
444,minimax_d2,white,black,0.3450
445,rl_model_20260225_120931.pth,black,black,0.3450
446,minimax_d2,white,black,0.3450
447,rl_model.pth,black,black,0.3450
448,minimax_d1,white,black,0.3450
449,minimax_d1,black,black,0.3450
450,rl_model.pth,white,black,0.3450
451,rl_model_20260225_120931.pth,black,draw,0.3400
452,rl_model.pth,white,black,0.3350
453,minimax_d2,black,white,0.3250
454,rl_model_20260225_120931.pth,white,black,0.3250
455,rl_model_20260225_120931.pth,black,black,0.3250
456,rl_model.pth,white,black,0.3200
457,minimax_d1,black,white,0.3200
458,minimax_d2,white,black,0.3200
459,minimax_d2,black,black,0.3200
460,rl_model_20260225_120931.pth,white,black,0.3200
461,rl_model_20260225_120931.pth,black,black,0.3300
462,rl_model.pth,white,black,0.3300
463,minimax_d1,black,black,0.3400
464,rl_model_20260225_120931.pth,white,black,0.3400
465,minimax_d1,black,black,0.3500
466,rl_model.pth,white,black,0.3450
467,rl_model_20260225_120931.pth,black,black,0.3450
468,minimax_d2,white,black,0.3450
469,minimax_d2,black,white,0.3400
470,minimax_d2,white,black,0.3400
471,rl_model_20260225_120931.pth,black,black,0.3500
472,rl_model.pth,white,black,0.3500
473,minimax_d1,black,black,0.3600
474,minimax_d2,white,black,0.3600
475,rl_model_20260225_120931.pth,black,black,0.3700
476,minimax_d2,white,black,0.3700
477,rl_model.pth,black,black,0.3700
478,rl_model.pth,white,black,0.3700
479,minimax_d2,black,white,0.3700
480,minimax_d2,white,black,0.3700
481,minimax_d2,black,white,0.3600
482,minimax_d1,white,black,0.3600
483,minimax_d1,black,black,0.3600
484,rl_model_20260225_120931.pth,white,black,0.3600
485,minimax_d2,black,white,0.3600
486,minimax_d2,white,black,0.3600
487,rl_model_20260225_120931.pth,black,black,0.3700
488,rl_model.pth,white,black,0.3700
489,minimax_d2,black,white,0.3600
490,minimax_d2,white,black,0.3600
491,rl_model.pth,black,black,0.3700
492,minimax_d2,white,black,0.3700
493,rl_model_20260225_120931.pth,black,draw,0.3650
494,rl_model.pth,white,black,0.3650
495,rl_model.pth,black,draw,0.3600
496,rl_model_20260225_120931.pth,white,black,0.3600
497,minimax_d1,black,black,0.3700
498,minimax_d1,white,black,0.3700
499,rl_model.pth,black,black,0.3800
500,minimax_d1,white,black,0.3800
501,rl_model_20260225_120931.pth,black,black,0.3800
502,minimax_d1,white,draw,0.3850
503,rl_model.pth,black,black,0.3850
504,minimax_d1,white,draw,0.3850
505,rl_model_20260225_120931.pth,black,black,0.3850
506,minimax_d1,white,black,0.3850
507,rl_model.pth,black,black,0.3950
508,rl_model.pth,white,black,0.3950
509,rl_model_20260225_120931.pth,black,black,0.3950
510,rl_model_20260225_120931.pth,white,black,0.3950
511,minimax_d2,black,white,0.3850
512,minimax_d1,white,black,0.3850
513,rl_model.pth,black,draw,0.3900
514,rl_model_20260225_120931.pth,white,black,0.3900
515,minimax_d1,black,black,0.3900
516,minimax_d1,white,black,0.3900
517,minimax_d2,black,white,0.3900
518,minimax_d2,white,draw,0.3950
519,rl_model.pth,black,black,0.3950
520,minimax_d2,white,black,0.3950
521,minimax_d2,black,white,0.3850
522,rl_model.pth,white,black,0.3850
523,rl_model.pth,black,black,0.3950
524,rl_model.pth,white,black,0.3950
525,rl_model.pth,black,black,0.3950
526,minimax_d1,white,black,0.3950
527,rl_model_20260225_120931.pth,black,black,0.3950
528,rl_model_20260225_120931.pth,white,black,0.3900
529,minimax_d1,black,black,0.3900
530,minimax_d1,white,draw,0.3950
531,minimax_d1,black,black,0.4000
532,minimax_d2,white,draw,0.4050
533,rl_model_20260225_120931.pth,black,black,0.4050
534,minimax_d1,white,draw,0.4100
535,rl_model_20260225_120931.pth,black,black,0.4150
536,minimax_d2,white,black,0.4150
537,minimax_d1,black,black,0.4250
538,minimax_d1,white,black,0.4200
539,rl_model.pth,black,black,0.4200
540,rl_model_20260225_120931.pth,white,black,0.4150
541,minimax_d1,black,black,0.4150
542,rl_model_20260225_120931.pth,white,black,0.4100
543,minimax_d2,black,white,0.4000
544,minimax_d2,white,black,0.4000
545,rl_model_20260225_120931.pth,black,black,0.4000
546,rl_model_20260225_120931.pth,white,black,0.4000
547,rl_model_20260225_120931.pth,black,black,0.4000
548,rl_model.pth,white,black,0.4000
549,minimax_d2,black,white,0.3900
550,rl_model_20260225_120931.pth,white,black,0.3900
551,minimax_d1,black,black,0.3950
552,rl_model.pth,white,black,0.3950
553,rl_model_20260225_120931.pth,black,black,0.4050
554,minimax_d2,white,black,0.4050
555,rl_model_20260225_120931.pth,black,black,0.4050
556,minimax_d2,white,black,0.4050
557,minimax_d1,black,black,0.4150
558,minimax_d1,white,draw,0.4200
559,rl_model.pth,black,black,0.4200
560,minimax_d2,white,black,0.4200
561,minimax_d2,black,white,0.4100
562,minimax_d1,white,black,0.4100
563,minimax_d1,black,black,0.4100
564,minimax_d1,white,draw,0.4150
565,rl_model.pth,black,black,0.4150
566,minimax_d2,white,black,0.4150
567,rl_model.pth,black,black,0.4150
568,minimax_d2,white,black,0.4150
569,rl_model_20260225_120931.pth,black,black,0.4250
570,minimax_d1,white,draw,0.4300
571,minimax_d1,black,black,0.4300
572,rl_model_20260225_120931.pth,white,black,0.4300
573,rl_model_20260225_120931.pth,black,black,0.4300
574,rl_model_20260225_120931.pth,white,black,0.4300
575,minimax_d1,black,draw,0.4250
576,minimax_d1,white,black,0.4250
577,rl_model_20260225_120931.pth,black,black,0.4250
578,minimax_d2,white,black,0.4250
579,minimax_d1,black,black,0.4350
580,rl_model_20260225_120931.pth,white,black,0.4350
581,minimax_d1,black,black,0.4450
582,minimax_d1,white,draw,0.4500
583,minimax_d2,black,white,0.4400
584,minimax_d1,white,draw,0.4450
585,minimax_d1,black,black,0.4550
586,minimax_d2,white,black,0.4550
587,rl_model_20260225_120931.pth,black,black,0.4550
588,minimax_d1,white,black,0.4550
589,rl_model_20260225_120931.pth,black,black,0.4650
590,minimax_d2,white,black,0.4650
591,minimax_d1,black,black,0.4650
592,rl_model.pth,white,black,0.4650
593,rl_model.pth,black,black,0.4700
594,minimax_d2,white,draw,0.4750
595,minimax_d2,black,black,0.4800
596,rl_model_20260225_120931.pth,white,black,0.4800
597,minimax_d2,black,white,0.4700
598,rl_model_20260225_120931.pth,white,black,0.4700
599,minimax_d2,black,white,0.4600
600,rl_model.pth,white,black,0.4600
601,minimax_d1,black,black,0.4600
602,rl_model_20260225_120931.pth,white,black,0.4550
603,rl_model_20260225_120931.pth,black,black,0.4550
604,minimax_d1,white,draw,0.4550
605,rl_model.pth,black,black,0.4550
606,minimax_d2,white,black,0.4550
607,minimax_d1,black,black,0.4550
608,rl_model_20260225_120931.pth,white,black,0.4550
609,minimax_d1,black,black,0.4550
610,minimax_d1,white,black,0.4550
611,rl_model_20260225_120931.pth,black,black,0.4650
612,minimax_d2,white,black,0.4650
613,minimax_d2,black,white,0.4600
614,minimax_d1,white,black,0.4600
615,minimax_d2,black,white,0.4500
616,minimax_d2,white,black,0.4500
617,rl_model_20260225_120931.pth,black,black,0.4600
618,rl_model.pth,white,black,0.4550
619,rl_model.pth,black,black,0.4550
620,minimax_d2,white,black,0.4550
621,minimax_d2,black,draw,0.4600
622,minimax_d1,white,black,0.4600
623,rl_model.pth,black,draw,0.4550
624,minimax_d1,white,draw,0.4600
625,minimax_d1,black,black,0.4600
626,minimax_d1,white,black,0.4600
627,minimax_d1,black,black,0.4600
628,rl_model.pth,white,black,0.4600
629,minimax_d1,black,black,0.4600
630,rl_model.pth,white,black,0.4550
631,minimax_d1,black,black,0.4550
632,minimax_d1,white,black,0.4500
633,rl_model.pth,black,black,0.4500
634,minimax_d2,white,black,0.4450
635,rl_model.pth,black,black,0.4450
636,minimax_d1,white,draw,0.4500
637,minimax_d2,black,white,0.4400
638,rl_model.pth,white,black,0.4400
639,minimax_d1,black,black,0.4400
640,minimax_d1,white,black,0.4400
641,minimax_d2,black,white,0.4300
642,rl_model.pth,white,black,0.4300
643,rl_model_20260225_120931.pth,black,black,0.4400
644,minimax_d2,white,black,0.4400
645,minimax_d2,black,white,0.4300
646,rl_model.pth,white,black,0.4300
647,minimax_d1,black,black,0.4300
648,minimax_d1,white,black,0.4300
649,minimax_d2,black,white,0.4300
650,rl_model_20260225_120931.pth,white,black,0.4300
651,minimax_d1,black,black,0.4300
652,rl_model.pth,white,black,0.4300
653,rl_model.pth,black,black,0.4300
654,rl_model.pth,white,black,0.4300
655,rl_model.pth,black,black,0.4300
656,minimax_d2,white,black,0.4300
657,rl_model.pth,black,black,0.4300
658,rl_model.pth,white,black,0.4250
659,minimax_d1,black,black,0.4250
660,rl_model_20260225_120931.pth,white,black,0.4250
661,rl_model_20260225_120931.pth,black,black,0.4350
662,rl_model_20260225_120931.pth,white,black,0.4350
663,rl_model.pth,black,black,0.4350
664,minimax_d2,white,black,0.4300
665,rl_model_20260225_120931.pth,black,black,0.4300
666,minimax_d2,white,black,0.4300
667,minimax_d1,black,black,0.4300
668,rl_model.pth,white,black,0.4300
669,minimax_d2,black,white,0.4200
670,rl_model_20260225_120931.pth,white,black,0.4150
671,minimax_d2,black,white,0.4050
672,rl_model.pth,white,black,0.4050
673,rl_model.pth,black,black,0.4050
674,minimax_d2,white,black,0.4050
675,rl_model.pth,black,black,0.4100
676,minimax_d2,white,draw,0.4150
677,rl_model_20260225_120931.pth,black,black,0.4150
678,minimax_d2,white,black,0.4150
679,minimax_d2,black,white,0.4050
680,minimax_d1,white,black,0.4050
681,minimax_d2,black,white,0.3950
682,minimax_d2,white,black,0.3900
683,rl_model.pth,black,black,0.4000
684,minimax_d1,white,draw,0.4000
685,rl_model.pth,black,black,0.4000
686,minimax_d1,white,black,0.4000
687,minimax_d1,black,black,0.4000
688,rl_model.pth,white,black,0.4000
689,minimax_d1,black,black,0.4000
690,minimax_d2,white,black,0.4000
691,rl_model_20260225_120931.pth,black,black,0.4000
692,rl_model_20260225_120931.pth,white,black,0.4000
693,rl_model_20260225_120931.pth,black,black,0.4000
694,rl_model.pth,white,black,0.3950
695,rl_model.pth,black,black,0.3950
696,minimax_d2,white,black,0.3950
697,rl_model.pth,black,black,0.4050
698,minimax_d1,white,draw,0.4100
699,minimax_d2,black,white,0.4100
700,minimax_d2,white,black,0.4100
701,rl_model.pth,black,black,0.4100
702,minimax_d2,white,black,0.4100
703,rl_model.pth,black,black,0.4100
704,minimax_d1,white,draw,0.4100
705,minimax_d1,black,black,0.4100
706,minimax_d2,white,black,0.4100
707,minimax_d1,black,black,0.4100
708,rl_model_20260225_120931.pth,white,black,0.4100
709,minimax_d2,black,white,0.4000
710,rl_model_20260225_120931.pth,white,black,0.4000
711,rl_model.pth,black,black,0.4000
712,rl_model.pth,white,black,0.4000
713,rl_model.pth,black,black,0.4100
714,minimax_d2,white,black,0.4100
715,rl_model_20260225_120931.pth,black,black,0.4200
716,minimax_d1,white,black,0.4200
717,rl_model.pth,black,black,0.4200
718,rl_model.pth,white,black,0.4200
719,rl_model_20260225_120931.pth,black,black,0.4200
720,minimax_d2,white,black,0.4200
721,rl_model_20260225_120931.pth,black,black,0.4250
722,minimax_d2,white,black,0.4250
723,rl_model_20260225_120931.pth,black,black,0.4300
724,rl_model.pth,white,black,0.4250
725,minimax_d2,black,white,0.4150
726,rl_model_20260225_120931.pth,white,black,0.4150
727,minimax_d1,black,black,0.4150
728,rl_model_20260225_120931.pth,white,black,0.4150
729,minimax_d1,black,black,0.4150
730,rl_model.pth,white,black,0.4150
731,rl_model_20260225_120931.pth,black,black,0.4150
732,minimax_d2,white,black,0.4150
733,minimax_d1,black,black,0.4150
734,minimax_d1,white,black,0.4150
735,rl_model_20260225_120931.pth,black,black,0.4150
736,rl_model.pth,white,black,0.4100
737,rl_model.pth,black,black,0.4200
738,rl_model.pth,white,black,0.4200
739,rl_model_20260225_120931.pth,black,black,0.4200
740,minimax_d1,white,black,0.4200
741,rl_model.pth,black,black,0.4300
742,minimax_d1,white,draw,0.4350
743,rl_model.pth,black,black,0.4350
744,rl_model.pth,white,black,0.4350
745,minimax_d1,black,white,0.4350
746,rl_model_20260225_120931.pth,white,black,0.4350
747,rl_model_20260225_120931.pth,black,black,0.4350
748,minimax_d1,white,draw,0.4400
749,rl_model.pth,black,black,0.4500
750,minimax_d2,white,black,0.4500
751,rl_model.pth,black,black,0.4500
752,minimax_d2,white,black,0.4500
753,minimax_d1,black,black,0.4500
754,rl_model.pth,white,black,0.4500
755,rl_model_20260225_120931.pth,black,black,0.4500
756,rl_model.pth,white,black,0.4500
757,rl_model_20260225_120931.pth,black,black,0.4500
758,rl_model.pth,white,black,0.4500
759,minimax_d1,black,draw,0.4450
760,rl_model.pth,white,black,0.4450
761,rl_model.pth,black,black,0.4450
762,minimax_d1,white,black,0.4450
763,minimax_d2,black,white,0.4350
764,minimax_d1,white,draw,0.4400
765,rl_model_20260225_120931.pth,black,black,0.4400
766,minimax_d1,white,draw,0.4450
767,rl_model.pth,black,black,0.4450
768,rl_model.pth,white,black,0.4450
769,rl_model.pth,black,black,0.4550
770,minimax_d1,white,black,0.4550
771,rl_model_20260225_120931.pth,black,black,0.4650
772,rl_model_20260225_120931.pth,white,black,0.4650
773,minimax_d2,black,white,0.4550
774,minimax_d1,white,black,0.4550
775,rl_model.pth,black,black,0.4550
776,rl_model_20260225_120931.pth,white,black,0.4500
777,rl_model.pth,black,black,0.4500
778,rl_model_20260225_120931.pth,white,black,0.4500
779,rl_model_20260225_120931.pth,black,black,0.4600
780,rl_model_20260225_120931.pth,white,black,0.4600
781,rl_model_20260225_120931.pth,black,black,0.4700
782,minimax_d2,white,black,0.4700
783,minimax_d1,black,black,0.4700
784,rl_model.pth,white,black,0.4650
785,minimax_d2,black,white,0.4550
786,minimax_d2,white,black,0.4550
787,minimax_d1,black,white,0.4450
788,minimax_d1,white,black,0.4450
789,minimax_d1,black,black,0.4450
790,minimax_d2,white,black,0.4450
791,minimax_d2,black,white,0.4350
792,rl_model_20260225_120931.pth,white,black,0.4350
793,rl_model.pth,black,black,0.4350
794,rl_model_20260225_120931.pth,white,black,0.4350
795,minimax_d1,black,black,0.4350
796,rl_model.pth,white,black,0.4350
797,minimax_d2,black,white,0.4250
798,minimax_d2,white,black,0.4200
799,rl_model_20260225_120931.pth,black,black,0.4300
800,minimax_d2,white,black,0.4300
801,rl_model.pth,black,black,0.4300
802,minimax_d1,white,black,0.4300
803,rl_model_20260225_120931.pth,black,black,0.4300
804,minimax_d1,white,black,0.4250
805,rl_model.pth,black,black,0.4250
806,minimax_d2,white,black,0.4250
807,minimax_d2,black,white,0.4150
808,minimax_d2,white,black,0.4150
809,rl_model.pth,black,black,0.4250
810,rl_model_20260225_120931.pth,white,black,0.4250
811,minimax_d1,black,black,0.4250
812,minimax_d1,white,black,0.4250
813,rl_model.pth,black,black,0.4250
814,rl_model.pth,white,black,0.4250
815,minimax_d1,black,black,0.4250
816,rl_model.pth,white,black,0.4250
817,minimax_d2,black,white,0.4150
818,rl_model.pth,white,black,0.4150
819,rl_model.pth,black,black,0.4150
820,minimax_d2,white,black,0.4150
821,rl_model_20260225_120931.pth,black,black,0.4150
822,minimax_d2,white,black,0.4150
823,rl_model.pth,black,black,0.4150
824,rl_model.pth,white,black,0.4150
825,rl_model_20260225_120931.pth,black,black,0.4250
826,rl_model.pth,white,black,0.4250
827,minimax_d1,black,white,0.4150
828,rl_model.pth,white,black,0.4150
829,rl_model.pth,black,draw,0.4100
830,minimax_d2,white,black,0.4100
831,minimax_d1,black,black,0.4100
832,rl_model.pth,white,black,0.4100
833,rl_model_20260225_120931.pth,black,black,0.4100
834,rl_model_20260225_120931.pth,white,black,0.4100
835,minimax_d2,black,white,0.4000
836,rl_model.pth,white,black,0.4000
837,rl_model.pth,black,black,0.4000
838,minimax_d1,white,draw,0.4050
839,rl_model_20260225_120931.pth,black,black,0.4050
840,rl_model_20260225_120931.pth,white,black,0.4050
841,rl_model_20260225_120931.pth,black,black,0.4050
842,rl_model.pth,white,black,0.4000
843,rl_model.pth,black,black,0.4000
844,minimax_d1,white,black,0.4000
845,rl_model.pth,black,black,0.4100
846,minimax_d2,white,black,0.4100
847,rl_model_20260225_120931.pth,black,black,0.4100
848,minimax_d2,white,black,0.4050
849,minimax_d1,black,black,0.4050
850,minimax_d1,white,black,0.4050
851,rl_model_20260225_120931.pth,black,black,0.4050
852,minimax_d2,white,black,0.4050
853,rl_model_20260225_120931.pth,black,black,0.4050
854,rl_model_20260225_120931.pth,white,black,0.4050
855,rl_model_20260225_120931.pth,black,black,0.4050
856,rl_model_20260225_120931.pth,white,black,0.4050
857,rl_model.pth,black,black,0.4050
858,rl_model.pth,white,black,0.4050
859,minimax_d2,black,white,0.4000
860,minimax_d2,white,black,0.4000
861,minimax_d1,black,black,0.4000
862,rl_model_20260225_120931.pth,white,black,0.4000
863,rl_model_20260225_120931.pth,black,black,0.4100
864,minimax_d2,white,black,0.4050
865,rl_model_20260225_120931.pth,black,black,0.4050
866,minimax_d2,white,black,0.4000
867,rl_model.pth,black,black,0.4000
868,minimax_d2,white,black,0.4000
869,minimax_d1,black,black,0.4000
870,minimax_d1,white,black,0.4000
871,rl_model_20260225_120931.pth,black,black,0.4000
872,minimax_d1,white,black,0.4000
873,rl_model.pth,black,draw,0.4050
874,rl_model_20260225_120931.pth,white,black,0.4050
875,minimax_d1,black,white,0.3950
876,minimax_d2,white,draw,0.4000
877,minimax_d1,black,black,0.4000
878,rl_model_20260225_120931.pth,white,black,0.4000
879,minimax_d1,black,black,0.4000
880,rl_model.pth,white,black,0.4000
881,minimax_d1,black,black,0.4000
882,minimax_d2,white,black,0.4000
883,minimax_d2,black,white,0.3900
884,rl_model_20260225_120931.pth,white,black,0.3900
885,rl_model.pth,black,black,0.4000
886,minimax_d2,white,black,0.4000
887,rl_model_20260225_120931.pth,black,black,0.4100
888,minimax_d1,white,black,0.4100
889,rl_model.pth,black,black,0.4100
890,rl_model.pth,white,black,0.4100
891,rl_model.pth,black,black,0.4200
892,minimax_d2,white,draw,0.4250
893,minimax_d2,black,white,0.4150
894,minimax_d1,white,black,0.4150
895,minimax_d1,black,black,0.4150
896,rl_model.pth,white,black,0.4150
897,rl_model.pth,black,black,0.4250
898,rl_model_20260225_120931.pth,white,black,0.4250
899,minimax_d1,black,draw,0.4200
900,rl_model_20260225_120931.pth,white,black,0.4200
901,rl_model.pth,black,black,0.4200
902,minimax_d2,white,black,0.4200
903,rl_model.pth,black,black,0.4200
904,rl_model.pth,white,black,0.4200
905,minimax_d1,black,black,0.4200
906,rl_model_20260225_120931.pth,white,black,0.4200
907,rl_model_20260225_120931.pth,black,black,0.4300
908,minimax_d1,white,black,0.4300
909,minimax_d2,black,white,0.4200
910,rl_model.pth,white,black,0.4200
911,minimax_d1,black,black,0.4200
912,rl_model_20260225_120931.pth,white,black,0.4200
913,minimax_d2,black,black,0.4200
914,rl_model_20260225_120931.pth,white,black,0.4200
915,rl_model.pth,black,black,0.4200
916,rl_model.pth,white,black,0.4200
917,minimax_d2,black,white,0.4200
918,minimax_d1,white,black,0.4200
919,rl_model.pth,black,draw,0.4150
920,minimax_d2,white,draw,0.4200
921,rl_model.pth,black,black,0.4200
922,rl_model.pth,white,black,0.4200
923,rl_model.pth,black,black,0.4200
924,minimax_d1,white,black,0.4200
925,rl_model_20260225_120931.pth,black,black,0.4200
926,rl_model.pth,white,black,0.4200
927,minimax_d2,black,white,0.4200
928,minimax_d1,white,black,0.4200
929,minimax_d2,black,white,0.4150
930,rl_model_20260225_120931.pth,white,black,0.4150
931,minimax_d2,black,white,0.4050
932,rl_model_20260225_120931.pth,white,black,0.4050
933,minimax_d1,black,white,0.3950
934,rl_model_20260225_120931.pth,white,black,0.3950
935,minimax_d1,black,black,0.4050
936,rl_model.pth,white,black,0.4050
937,minimax_d2,black,white,0.3950
938,rl_model.pth,white,black,0.3900
939,rl_model.pth,black,black,0.3900
940,minimax_d2,white,black,0.3900
941,rl_model_20260225_120931.pth,black,black,0.3900
942,rl_model_20260225_120931.pth,white,black,0.3900
943,minimax_d2,black,white,0.3800
944,rl_model_20260225_120931.pth,white,black,0.3800
945,rl_model.pth,black,black,0.3800
946,rl_model.pth,white,black,0.3800
947,rl_model_20260225_120931.pth,black,black,0.3800
948,rl_model_20260225_120931.pth,white,black,0.3800
949,rl_model.pth,black,black,0.3800
950,minimax_d1,white,black,0.3800
951,minimax_d1,black,black,0.3800
952,rl_model_20260225_120931.pth,white,black,0.3800
953,minimax_d2,black,white,0.3700
954,minimax_d1,white,black,0.3700
955,rl_model_20260225_120931.pth,black,black,0.3700
956,minimax_d1,white,draw,0.3750
957,rl_model_20260225_120931.pth,black,black,0.3750
958,rl_model.pth,white,black,0.3750
959,rl_model_20260225_120931.pth,black,black,0.3850
960,minimax_d1,white,draw,0.3900
961,rl_model_20260225_120931.pth,black,black,0.3900
962,rl_model.pth,white,black,0.3900
963,minimax_d2,black,white,0.3800
964,minimax_d2,white,draw,0.3850
965,minimax_d1,black,black,0.3850
966,rl_model_20260225_120931.pth,white,black,0.3850
967,rl_model.pth,black,black,0.3850
968,minimax_d1,white,black,0.3850
969,minimax_d1,black,black,0.3850
970,minimax_d1,white,black,0.3850
971,minimax_d2,black,white,0.3750
972,minimax_d2,white,draw,0.3800
973,rl_model.pth,black,black,0.3850
974,minimax_d1,white,draw,0.3900
975,minimax_d2,black,white,0.3900
976,rl_model_20260225_120931.pth,white,black,0.3850
977,rl_model.pth,black,black,0.3850
978,minimax_d1,white,black,0.3850
979,rl_model.pth,black,black,0.3850
980,minimax_d1,white,draw,0.3900
981,rl_model.pth,black,black,0.3900
982,rl_model.pth,white,black,0.3900
983,minimax_d2,black,black,0.4000
984,rl_model.pth,white,black,0.4000
985,rl_model.pth,black,black,0.4000
986,rl_model.pth,white,black,0.4000
987,minimax_d1,black,black,0.4000
988,minimax_d2,white,black,0.4000
989,rl_model_20260225_120931.pth,black,black,0.4000
990,minimax_d2,white,black,0.4000
991,minimax_d2,black,white,0.3900
992,rl_model_20260225_120931.pth,white,black,0.3850
993,rl_model.pth,black,draw,0.3900
994,rl_model_20260225_120931.pth,white,black,0.3900
995,minimax_d2,black,white,0.3800
996,rl_model_20260225_120931.pth,white,black,0.3800
997,minimax_d1,black,black,0.3800
998,rl_model.pth,white,black,0.3800
999,rl_model_20260225_120931.pth,black,black,0.3850
1000,minimax_d2,white,black,0.3850
1001,minimax_d1,black,black,0.3850
1002,minimax_d1,white,black,0.3850
1003,minimax_d2,black,white,0.3750
1004,minimax_d2,white,black,0.3750
1005,rl_model_20260225_120931.pth,black,black,0.3750
1006,minimax_d2,white,draw,0.3800
1007,rl_model.pth,black,black,0.3800
1008,minimax_d1,white,draw,0.3850
1009,minimax_d2,black,white,0.3850
1010,minimax_d2,white,black,0.3850
1011,minimax_d1,black,black,0.3850
1012,rl_model.pth,white,black,0.3850
1013,minimax_d1,black,black,0.3850
1014,minimax_d1,white,black,0.3850
1015,rl_model.pth,black,draw,0.3800
1016,rl_model_20260225_120931.pth,white,black,0.3800
1017,rl_model_20260225_120931.pth,black,black,0.3900
1018,minimax_d2,white,draw,0.3950
1019,minimax_d1,black,black,0.4000
1020,minimax_d1,white,draw,0.4000
1021,minimax_d2,black,draw,0.3950
1022,rl_model.pth,white,black,0.3950
1023,rl_model_20260225_120931.pth,black,black,0.3950
1024,rl_model.pth,white,black,0.3950
1025,minimax_d2,black,white,0.3850
1026,rl_model_20260225_120931.pth,white,black,0.3850
1027,rl_model_20260225_120931.pth,black,black,0.3950
1028,minimax_d1,white,black,0.3950
1029,minimax_d1,black,black,0.4050
1030,rl_model_20260225_120931.pth,white,black,0.4050
1031,rl_model_20260225_120931.pth,black,black,0.4150
1032,minimax_d2,white,black,0.4150
1033,minimax_d2,black,white,0.4150
1034,minimax_d2,white,black,0.4150
1035,minimax_d1,black,black,0.4150
1036,minimax_d1,white,black,0.4150
1037,rl_model.pth,black,black,0.4250
1038,rl_model_20260225_120931.pth,white,black,0.4250
1039,minimax_d1,black,black,0.4250
1040,minimax_d1,white,draw,0.4300
1041,minimax_d2,black,white,0.4200
1042,minimax_d2,white,draw,0.4250
1043,rl_model.pth,black,black,0.4350
1044,rl_model_20260225_120931.pth,white,black,0.4350
1045,rl_model_20260225_120931.pth,black,black,0.4350
1046,minimax_d1,white,black,0.4350
1047,minimax_d1,black,black,0.4350
1048,minimax_d1,white,black,0.4350
1049,minimax_d1,black,black,0.4350
1050,rl_model_20260225_120931.pth,white,black,0.4350
1051,rl_model.pth,black,black,0.4350
1052,minimax_d2,white,black,0.4350
1053,minimax_d2,black,draw,0.4400
1054,rl_model_20260225_120931.pth,white,black,0.4400
1055,minimax_d1,black,black,0.4400
1056,rl_model.pth,white,black,0.4350
1057,minimax_d2,black,white,0.4250
1058,minimax_d1,white,black,0.4250
1059,minimax_d1,black,black,0.4250
1060,rl_model.pth,white,black,0.4200
1061,rl_model_20260225_120931.pth,black,black,0.4200
1062,minimax_d1,white,black,0.4200
1063,rl_model_20260225_120931.pth,black,black,0.4300
1064,rl_model_20260225_120931.pth,white,black,0.4250
1065,rl_model.pth,black,black,0.4250
1066,rl_model.pth,white,black,0.4250
1067,minimax_d2,black,white,0.4150
1068,rl_model.pth,white,black,0.4150
1069,minimax_d2,black,white,0.4050
1070,rl_model.pth,white,black,0.4050
1071,rl_model.pth,black,black,0.4150
1072,rl_model.pth,white,black,0.4100
1073,rl_model_20260225_120931.pth,black,black,0.4100
1074,minimax_d1,white,black,0.4050
1075,minimax_d1,black,white,0.4050
1076,minimax_d1,white,black,0.4050
1077,minimax_d1,black,white,0.3950
1078,rl_model.pth,white,black,0.3950
1079,rl_model_20260225_120931.pth,black,black,0.3950
1080,rl_model.pth,white,black,0.3900
1081,minimax_d1,black,white,0.3800
1082,minimax_d1,white,draw,0.3850
1083,minimax_d2,black,draw,0.3800
1084,rl_model.pth,white,black,0.3800
1085,rl_model.pth,black,black,0.3800
1086,rl_model_20260225_120931.pth,white,black,0.3800
1087,rl_model.pth,black,black,0.3800
1088,minimax_d2,white,draw,0.3850
1089,rl_model_20260225_120931.pth,black,black,0.3850
1090,rl_model.pth,white,black,0.3850
1091,rl_model.pth,black,black,0.3950
1092,rl_model.pth,white,black,0.3950
1093,rl_model.pth,black,black,0.4000
1094,rl_model_20260225_120931.pth,white,black,0.4000
1095,minimax_d1,black,black,0.4100
1096,minimax_d2,white,black,0.4100
1097,minimax_d2,black,black,0.4100
1098,rl_model.pth,white,black,0.4100
1099,minimax_d2,black,white,0.4000
1100,rl_model.pth,white,black,0.4000
1101,minimax_d2,black,white,0.3900
1102,minimax_d1,white,black,0.3900
1103,minimax_d2,black,white,0.3900
1104,rl_model_20260225_120931.pth,white,black,0.3900
1105,rl_model.pth,black,draw,0.3850
1106,rl_model.pth,white,black,0.3800
1107,minimax_d2,black,black,0.3800
1108,minimax_d2,white,draw,0.3800
1109,minimax_d1,black,black,0.3900
1110,minimax_d1,white,black,0.3900
1111,minimax_d2,black,white,0.3800
1112,rl_model.pth,white,black,0.3800
1113,minimax_d2,black,white,0.3700
1114,minimax_d2,white,draw,0.3750
1115,rl_model.pth,black,black,0.3800
1116,rl_model_20260225_120931.pth,white,black,0.3800
1117,rl_model.pth,black,black,0.3800
1118,rl_model_20260225_120931.pth,white,black,0.3750
1119,minimax_d2,black,black,0.3750
1120,rl_model.pth,white,black,0.3700
1121,rl_model_20260225_120931.pth,black,black,0.3750
1122,rl_model.pth,white,black,0.3750
1123,minimax_d1,black,black,0.3750
1124,rl_model.pth,white,black,0.3750
1125,rl_model.pth,black,black,0.3850
1126,minimax_d1,white,black,0.3850
1127,minimax_d2,black,white,0.3750
1128,minimax_d1,white,draw,0.3800
1129,minimax_d1,black,black,0.3800
1130,minimax_d2,white,black,0.3800
1131,minimax_d2,black,white,0.3700
1132,minimax_d2,white,black,0.3700
1133,rl_model_20260225_120931.pth,black,black,0.3800
1134,minimax_d1,white,draw,0.3850
1135,rl_model.pth,black,black,0.3850
1136,rl_model_20260225_120931.pth,white,black,0.3850
1137,minimax_d1,black,black,0.3850
1138,minimax_d2,white,draw,0.3900
1139,rl_model.pth,black,black,0.3900
1140,rl_model_20260225_120931.pth,white,black,0.3850
1141,rl_model_20260225_120931.pth,black,black,0.3950
1142,minimax_d1,white,draw,0.3950
1143,minimax_d1,black,black,0.3950
1144,rl_model.pth,white,black,0.3950
1145,rl_model.pth,black,black,0.3950
1146,rl_model.pth,white,black,0.3950
1147,rl_model.pth,black,black,0.3950
1148,minimax_d2,white,black,0.3950
1149,minimax_d2,black,white,0.3850
1150,rl_model_20260225_120931.pth,white,black,0.3850
1151,minimax_d1,black,black,0.3850
1152,minimax_d2,white,black,0.3850
1153,rl_model_20260225_120931.pth,black,black,0.3900
1154,rl_model.pth,white,black,0.3900
1155,minimax_d1,black,black,0.3900
1156,minimax_d1,white,draw,0.3950
1157,rl_model_20260225_120931.pth,black,black,0.4050
1158,minimax_d1,white,black,0.4050
1159,rl_model.pth,black,black,0.4050
1160,rl_model.pth,white,black,0.4050
1161,rl_model.pth,black,black,0.4050
1162,rl_model_20260225_120931.pth,white,black,0.4050
1163,minimax_d2,black,white,0.3950
1164,minimax_d1,white,black,0.3950
1165,rl_model_20260225_120931.pth,black,black,0.3950
1166,rl_model_20260225_120931.pth,white,black,0.3950
1167,minimax_d1,black,black,0.4050
1168,rl_model_20260225_120931.pth,white,black,0.4050
1169,rl_model_20260225_120931.pth,black,black,0.4150
1170,minimax_d2,white,black,0.4150
1171,rl_model_20260225_120931.pth,black,black,0.4150
1172,minimax_d2,white,black,0.4150
1173,rl_model_20260225_120931.pth,black,black,0.4150
1174,minimax_d1,white,draw,0.4200
1175,minimax_d1,black,black,0.4300
1176,minimax_d2,white,black,0.4300
1177,rl_model.pth,black,black,0.4400
1178,minimax_d1,white,black,0.4400
1179,minimax_d2,black,white,0.4300
1180,rl_model_20260225_120931.pth,white,black,0.4300
1181,minimax_d1,black,black,0.4400
1182,rl_model.pth,white,black,0.4350
1183,rl_model_20260225_120931.pth,black,black,0.4400
1184,rl_model_20260225_120931.pth,white,black,0.4400
1185,rl_model_20260225_120931.pth,black,black,0.4400
1186,minimax_d2,white,draw,0.4450
1187,rl_model.pth,black,black,0.4450
1188,rl_model.pth,white,black,0.4400
1189,minimax_d2,black,white,0.4300
1190,rl_model.pth,white,black,0.4300
1191,rl_model.pth,black,black,0.4300
1192,rl_model.pth,white,black,0.4300
1193,rl_model.pth,black,black,0.4300
1194,rl_model.pth,white,black,0.4300
1195,minimax_d2,black,white,0.4200
1196,minimax_d2,white,black,0.4200
1197,rl_model.pth,black,black,0.4200
1198,rl_model.pth,white,black,0.4200
1199,minimax_d1,black,black,0.4300
1200,rl_model.pth,white,black,0.4300
